file	issue	source_url
2020-11.pdf	2020-11	https://slypn.org.uk/wp-content/uploads/2021/04/Newsletter-NOV-2020.pdf
2021-02.pdf	2021-02	https://slypn.org.uk/wp-content/uploads/2021/04/Newsletter-FEb-2021.pdf
2021-03.pdf	2021-03	https://slypn.org.uk/wp-content/uploads/2021/04/Newsletter-March-2021.pdf
2021-04.pdf	2021-04	https://slypn.org.uk/wp-content/uploads/2021/04/Newsletter-April-2021.pdf
2021-05.pdf	2021-05	https://slypn.org.uk/wp-content/uploads/2021/06/Newsletter-May-2021.pdf
2021-09.pdf	2021-09	https://slypn.org.uk/wp-content/uploads/2021/09/Newsletter-September-2021.pdf
2021-10.pdf	2021-10	https://slypn.org.uk/wp-content/uploads/2021/11/Newsletter-October-2021.pdf
2021-11.pdf	2021-11	https://slypn.org.uk/wp-content/uploads/2021/11/Newsletter-November-2021.pdf
2022-03.pdf	2022-03	https://slypn.org.uk/wp-content/uploads/2022/03/Newsletter-March-2022.pdf
2022-04.pdf	2022-04	https://slypn.org.uk/wp-content/uploads/2022/03/Newsletter-April-2022.pdf
2022-05.docx	2022-05	https://slypn.org.uk/wp-content/uploads/2022/05/Newsletter-May-2022.docx
2022-06.docx	2022-06	https://slypn.org.uk/wp-content/uploads/2022/07/Newsletter-June-2022.docx
2022-07.docx	2022-07	https://slypn.org.uk/wp-content/uploads/2022/07/Newsletter-July-2022.docx
2022-09.docx	2022-09	https://slypn.org.uk/wp-content/uploads/2022/10/Newsletter-September-2022.docx
2022-10.docx	2022-10	https://slypn.org.uk/wp-content/uploads/2022/10/Newsletter-October-2022.docx
2022-11.docx	2022-11	https://slypn.org.uk/wp-content/uploads/2023/01/Newsletter-November-2022.docx
2022-12.docx	2022-12	https://slypn.org.uk/wp-content/uploads/2023/01/Newsletter-December-2022.docx
2023-01.docx	2023-01	https://slypn.org.uk/wp-content/uploads/2023/01/Newsletter-January-2023.docx
2023-02.docx	2023-02	https://slypn.org.uk/wp-content/uploads/2023/04/Newsletter-February-2023.docx
2023-03.docx	2023-03	https://slypn.org.uk/wp-content/uploads/2023/04/Newsletter-March-2023.docx
2023-04.docx	2023-04	https://slypn.org.uk/wp-content/uploads/2023/04/Newsletter-April-2023.docx
2023-05.docx	2023-05	https://slypn.org.uk/wp-content/uploads/2023/05/Newsletter-May-2023.docx
2023-06.docx	2023-06	https://slypn.org.uk/wp-content/uploads/2023/07/Newsletter-June-2023.docx
2023-09.docx	2023-09	https://slypn.org.uk/wp-content/uploads/2023/10/Newsletter-SEPTEMBER-2023.docx
2023-10.docx	2023-10	https://slypn.org.uk/wp-content/uploads/2023/10/Newsletter-OCTOBER-2023.docx
2023-11.docx	2023-11	https://slypn.org.uk/wp-content/uploads/2023/11/Newsletter-NOVEMBER-2023.docx
2023-12.docx	2023-12	https://slypn.org.uk/wp-content/uploads/2023/12/Newsletter-DECEMBER-2023.docx
2024-01.docx	2024-01	https://slypn.org.uk/wp-content/uploads/2024/01/Newsletter-JANUARY-2024.docx
2024-02.docx	2024-02	https://slypn.org.uk/wp-content/uploads/2024/02/Newsletter-February-2024.docx
2024-04.docx	2024-04	https://slypn.org.uk/wp-content/uploads/2024/05/Newsletter-APRIL-2024.docx
2024-05.docx	2024-05	https://slypn.org.uk/wp-content/uploads/2024/05/Newsletter-MAY-2024.docx
2024-06.docx	2024-06	https://slypn.org.uk/wp-content/uploads/2024/06/Newsletter-JUNE-2024.docx
2024-07.docx	2024-07	https://slypn.org.uk/wp-content/uploads/2024/07/Newsletter-JULY-2024.docx
2024-08.docx	2024-08	https://slypn.org.uk/wp-content/uploads/2024/08/Newsletter-AUGUST-2024.docx
2024-09.docx	2024-09	https://slypn.org.uk/wp-content/uploads/2024/09/Newsletter-SEPTEMBER-2024.docx
2024-10.docx	2024-10	https://slypn.org.uk/wp-content/uploads/2024/10/Newsletter-OCTOBER-2024.docx
2024-11.docx	2024-11	https://slypn.org.uk/wp-content/uploads/2024/11/Newsletter-NOVEMBER-2024.docx
2024-12.docx	2024-12	https://slypn.org.uk/wp-content/uploads/2024/12/Newsletter-DECEMBER-2024.docx
2025-01.docx	2025-01	https://slypn.org.uk/wp-content/uploads/2025/02/Newsletter-JANUARY-2025.docx
2025-02.docx	2025-02	https://slypn.org.uk/wp-content/uploads/2025/02/Newsletter-FEBRUARY-2025.docx
2025-03.docx	2025-03	https://slypn.org.uk/wp-content/uploads/2025/03/Newsletter-MARCH-2025.docx
2025-04.docx	2025-04	https://slypn.org.uk/wp-content/uploads/2025/04/Newsletter-APRIL-2025.docx
2025-05.docx	2025-05	https://slypn.org.uk/wp-content/uploads/2025/05/Newsletter-MAY-2025.docx
2025-06.docx	2025-06	https://slypn.org.uk/wp-content/uploads/2025/05/Newsletter-JUNE-2025.docx
2025-07.docx	2025-07	https://slypn.org.uk/wp-content/uploads/2025/07/Newsletter-JULY-2025-copy.docx
2025-08.docx	2025-08	https://slypn.org.uk/wp-content/uploads/2025/08/Newsletter-AUGUST-2025.docx
2025-09.docx	2025-09	https://slypn.org.uk/wp-content/uploads/2025/09/Newsletter-SEPTEMBER-2025.docx
2025-10.docx	2025-10	https://slypn.org.uk/wp-content/uploads/2025/10/Newsletter-OCTOBER-2025.docx
2025-11.docx	2025-11	https://slypn.org.uk/wp-content/uploads/2025/11/Newsletter-NOVEMBER-2025.docx
2025-12.docx	2025-12	https://slypn.org.uk/wp-content/uploads/2025/12/Newsletter-DECEMBER-2025.docx
2026-02.docx	2026-02	https://slypn.org.uk/wp-content/uploads/2026/02/Newsletter-FEBRUARY-2026.docx
2026-03.docx	2026-03	https://slypn.org.uk/wp-content/uploads/2026/03/Newsletter-MARCH-2026.docx
2026-06.docx	2026-06	https://slypn.org.uk/wp-content/uploads/2026/06/Newsletter-JUNE-2026.docx
2026-07.docx	2026-07	https://slypn.org.uk/wp-content/uploads/2026/07/SLYPN-Newsletter-JULY-2026.docx
